time;user;system;idle
0.0;15547.88671875;14106.90625;310229.65625
1.0;15548.1826171875;14107.3125;310232.9375
2.0;15548.4638671875;14108.15625;310235.8125
